fbs_id,story_id,start_time,end_time
1,4010001,"2025/3/31 5:00:00","2025/4/1 4:59:00"
2,4010002,"2025/4/3 5:00:00","2025/4/4 4:59:00"
3,4010003,"2025/4/5 5:00:00","2025/4/6 4:59:00"
4,4010004,"2025/4/7 5:00:00","2025/4/8 4:59:00"
5,4010005,"2025/4/10 5:00:00","2025/4/11 4:59:00"
6,4010006,"2025/4/17 5:00:00","2025/4/18 4:59:00"
7,4010007,"2025/4/29 5:00:00","2025/4/30 4:59:00"
8,4010008,"2025/5/5 5:00:00","2025/5/6 4:59:00"
9,4010009,"2025/5/10 5:00:00","2025/5/11 4:59:00"
10,4010010,"2025/5/11 5:00:00","2025/5/12 4:59:00"
11,4010011,"2025/6/3 5:00:00","2025/6/4 4:59:00"
12,4010012,"2025/6/6 5:00:00","2025/6/7 4:59:00"
13,4010013,"2025/6/9 5:00:00","2025/6/10 4:59:00"
14,4010014,"2025/6/13 5:00:00","2025/6/14 4:59:00"
15,4010015,"2025/6/17 5:00:00","2025/6/18 4:59:00"
16,4010016,"2025/6/25 5:00:00","2025/6/26 4:59:00"
17,4010017,"2025/7/1 5:00:00","2025/7/2 4:59:00"
18,4010018,"2025/7/2 5:00:00","2025/7/3 4:59:00"
19,4010019,"2025/7/5 5:00:00","2025/7/6 4:59:00"
20,4010020,"2025/7/7 5:00:00","2025/7/8 4:59:00"
21,4010021,"2025/7/11 5:00:00","2025/7/12 4:59:00"
22,4010022,"2025/7/25 5:00:00","2025/7/26 4:59:00"
23,4010023,"2025/7/28 5:00:00","2025/7/29 4:59:00"
24,4010024,"2025/7/30 5:00:00","2025/7/31 4:59:00"
25,4010025,"2025/8/7 5:00:00","2025/8/8 4:59:00"
26,4010026,"2025/8/9 5:00:00","2025/8/10 4:59:00"
27,4010027,"2025/8/10 5:00:00","2025/8/11 4:59:00"
28,4010028,"2025/8/11 5:00:00","2025/8/12 4:59:00"
29,4010029,"2025/8/14 5:00:00","2025/8/15 4:59:00"
30,4010030,"2025/8/21 5:00:00","2025/8/22 4:59:00"
31,4010031,"2025/8/25 5:00:00","2025/8/26 4:59:00"
32,4010032,"2025/8/27 5:00:00","2025/8/28 4:59:00"
33,4010033,"2025/8/31 5:00:00","2025/9/1 4:59:00"
34,4010034,"2025/9/2 5:00:00","2025/9/3 4:59:00"
35,4010035,"2025/9/5 5:00:00","2025/9/6 4:59:00"
36,4010036,"2025/9/7 5:00:00","2025/9/8 4:59:00"
37,4010037,"2025/9/12 5:00:00","2025/9/13 4:59:00"
38,4010038,"2025/9/15 5:00:00","2025/9/16 4:59:00"
39,4010039,"2025/9/19 5:00:00","2025/9/20 4:59:00"
40,4010040,"2025/9/22 5:00:00","2025/9/23 4:59:00"
41,4010041,"2025/9/29 5:00:00","2025/9/30 4:59:00"