taq_no,unit_id_1,unit_id_2,unit_id_3,unit_id_4,unit_id_5,unit_id_6,unit_id_7,unit_id_8,unit_id_9,unit_id_10
1001,100701,0,0,0,0,0,0,0,0,0
1008,0,0,0,0,0,0,0,0,0,0
1010,102901,0,0,0,0,0,0,0,0,0
1011,105201,0,0,0,0,0,0,0,0,0
1012,104601,0,0,0,0,0,0,0,0,0
1013,101301,0,0,0,0,0,0,0,0,0
1014,111001,0,0,0,0,0,0,0,0,0
1015,104601,0,0,0,0,0,0,0,0,0
1016,106401,0,0,0,0,0,0,0,0,0
1017,103001,0,0,0,0,0,0,0,0,0
1018,106101,0,0,0,0,0,0,0,0,0
1019,103301,0,0,0,0,0,0,0,0,0
1020,103601,0,0,0,0,0,0,0,0,0
1021,102301,0,0,0,0,0,0,0,0,0
1022,106101,0,0,0,0,0,0,0,0,0
1023,110901,0,0,0,0,0,0,0,0,0
1067,0,0,0,0,0,0,0,0,0,0
1068,109301,0,0,0,0,0,0,0,0,0
1070,104501,0,0,0,0,0,0,0,0,0
1071,103001,0,0,0,0,0,0,0,0,0
1075,0,0,0,0,0,0,0,0,0,0
1076,0,0,0,0,0,0,0,0,0,0
1077,0,0,0,0,0,0,0,0,0,0
1078,0,0,0,0,0,0,0,0,0,0
1079,0,0,0,0,0,0,0,0,0,0
1080,0,0,0,0,0,0,0,0,0,0
1081,104301,0,0,0,0,0,0,0,0,0
1082,0,0,0,0,0,0,0,0,0,0
1083,0,0,0,0,0,0,0,0,0,0
1085,0,0,0,0,0,0,0,0,0,0
1086,0,0,0,0,0,0,0,0,0,0
1095,0,0,0,0,0,0,0,0,0,0
1096,100101,0,0,0,0,0,0,0,0,0
1099,101001,0,0,0,0,0,0,0,0,0
1100,0,0,0,0,0,0,0,0,0,0
1101,110801,0,0,0,0,0,0,0,0,0
1102,0,0,0,0,0,0,0,0,0,0
1104,0,0,0,0,0,0,0,0,0,0
1105,0,0,0,0,0,0,0,0,0,0
1106,0,0,0,0,0,0,0,0,0,0
1107,0,0,0,0,0,0,0,0,0,0
1115,0,0,0,0,0,0,0,0,0,0
1116,0,0,0,0,0,0,0,0,0,0
1117,0,0,0,0,0,0,0,0,0,0
1120,0,0,0,0,0,0,0,0,0,0
1121,0,0,0,0,0,0,0,0,0,0
1122,0,0,0,0,0,0,0,0,0,0
1123,0,0,0,0,0,0,0,0,0,0
1127,0,0,0,0,0,0,0,0,0,0
1130,0,0,0,0,0,0,0,0,0,0
1131,0,0,0,0,0,0,0,0,0,0
1132,0,0,0,0,0,0,0,0,0,0
1134,0,0,0,0,0,0,0,0,0,0
1136,0,0,0,0,0,0,0,0,0,0
1138,0,0,0,0,0,0,0,0,0,0
1140,107101,0,0,0,0,0,0,0,0,0
1141,0,0,0,0,0,0,0,0,0,0
1142,0,0,0,0,0,0,0,0,0,0
1146,0,0,0,0,0,0,0,0,0,0
1151,0,0,0,0,0,0,0,0,0,0
1153,0,0,0,0,0,0,0,0,0,0
1157,0,0,0,0,0,0,0,0,0,0
1164,107001,0,0,0,0,0,0,0,0,0
1166,102801,0,0,0,0,0,0,0,0,0
1168,0,0,0,0,0,0,0,0,0,0
1170,0,0,0,0,0,0,0,0,0,0
1171,105901,0,0,0,0,0,0,0,0,0
1172,0,0,0,0,0,0,0,0,0,0
1173,0,0,0,0,0,0,0,0,0,0
1174,105701,0,0,0,0,0,0,0,0,0
1175,100601,0,0,0,0,0,0,0,0,0
1176,111001,0,0,0,0,0,0,0,0,0
1178,0,0,0,0,0,0,0,0,0,0
1179,0,0,0,0,0,0,0,0,0,0
1180,0,0,0,0,0,0,0,0,0,0
1181,0,0,0,0,0,0,0,0,0,0
1182,0,0,0,0,0,0,0,0,0,0
1183,0,0,0,0,0,0,0,0,0,0
1184,0,0,0,0,0,0,0,0,0,0
1185,0,0,0,0,0,0,0,0,0,0
1186,0,0,0,0,0,0,0,0,0,0
1187,111001,0,0,0,0,0,0,0,0,0
1188,0,0,0,0,0,0,0,0,0,0
1189,0,0,0,0,0,0,0,0,0,0
1190,0,0,0,0,0,0,0,0,0,0
1191,0,0,0,0,0,0,0,0,0,0
1192,0,0,0,0,0,0,0,0,0,0
1193,0,0,0,0,0,0,0,0,0,0
1194,0,0,0,0,0,0,0,0,0,0
1195,102001,0,0,0,0,0,0,0,0,0
1196,0,0,0,0,0,0,0,0,0,0
1197,111401,0,0,0,0,0,0,0,0,0
1198,0,0,0,0,0,0,0,0,0,0
1199,0,0,0,0,0,0,0,0,0,0
1200,0,0,0,0,0,0,0,0,0,0
1201,0,0,0,0,0,0,0,0,0,0
1202,0,0,0,0,0,0,0,0,0,0
1203,0,0,0,0,0,0,0,0,0,0
1204,0,0,0,0,0,0,0,0,0,0
1205,0,0,0,0,0,0,0,0,0,0
1206,0,0,0,0,0,0,0,0,0,0
1207,0,0,0,0,0,0,0,0,0,0
1208,0,0,0,0,0,0,0,0,0,0
1209,0,0,0,0,0,0,0,0,0,0
1210,104301,0,0,0,0,0,0,0,0,0
1211,0,0,0,0,0,0,0,0,0,0
1212,0,0,0,0,0,0,0,0,0,0
1213,0,0,0,0,0,0,0,0,0,0
1214,102801,0,0,0,0,0,0,0,0,0
1215,0,0,0,0,0,0,0,0,0,0
1216,0,0,0,0,0,0,0,0,0,0
1217,0,0,0,0,0,0,0,0,0,0
1218,100701,0,0,0,0,0,0,0,0,0
1219,0,0,0,0,0,0,0,0,0,0
1220,0,0,0,0,0,0,0,0,0,0
1221,106801,0,0,0,0,0,0,0,0,0
1222,0,0,0,0,0,0,0,0,0,0
1223,101001,0,0,0,0,0,0,0,0,0
1224,0,0,0,0,0,0,0,0,0,0
1225,106001,0,0,0,0,0,0,0,0,0
1226,0,0,0,0,0,0,0,0,0,0
1227,0,0,0,0,0,0,0,0,0,0
1228,0,0,0,0,0,0,0,0,0,0
1229,0,0,0,0,0,0,0,0,0,0
1230,0,0,0,0,0,0,0,0,0,0
1231,103801,0,0,0,0,0,0,0,0,0
1232,100701,0,0,0,0,0,0,0,0,0
1233,102601,0,0,0,0,0,0,0,0,0
1234,0,0,0,0,0,0,0,0,0,0
1235,0,0,0,0,0,0,0,0,0,0
1236,0,0,0,0,0,0,0,0,0,0
1237,0,0,0,0,0,0,0,0,0,0
1238,0,0,0,0,0,0,0,0,0,0
1239,103301,0,0,0,0,0,0,0,0,0
1240,103301,0,0,0,0,0,0,0,0,0
1241,100801,0,0,0,0,0,0,0,0,0
1242,0,0,0,0,0,0,0,0,0,0
1243,0,0,0,0,0,0,0,0,0,0
1244,0,0,0,0,0,0,0,0,0,0
1245,0,0,0,0,0,0,0,0,0,0
1246,0,0,0,0,0,0,0,0,0,0
1247,101601,0,0,0,0,0,0,0,0,0
1248,0,0,0,0,0,0,0,0,0,0
1249,0,0,0,0,0,0,0,0,0,0
1250,0,0,0,0,0,0,0,0,0,0
1251,105601,0,0,0,0,0,0,0,0,0
1252,0,0,0,0,0,0,0,0,0,0
1253,0,0,0,0,0,0,0,0,0,0
1255,101301,0,0,0,0,0,0,0,0,0
1256,0,0,0,0,0,0,0,0,0,0
1257,0,0,0,0,0,0,0,0,0,0
1258,0,0,0,0,0,0,0,0,0,0
1259,0,0,0,0,0,0,0,0,0,0
1260,105601,0,0,0,0,0,0,0,0,0
1261,105601,0,0,0,0,0,0,0,0,0
1262,100901,0,0,0,0,0,0,0,0,0
1263,101101,0,0,0,0,0,0,0,0,0
1264,100801,0,0,0,0,0,0,0,0,0
1265,101701,0,0,0,0,0,0,0,0,0
1266,100901,0,0,0,0,0,0,0,0,0
1267,105301,0,0,0,0,0,0,0,0,0
1268,100901,0,0,0,0,0,0,0,0,0
1269,101301,0,0,0,0,0,0,0,0,0
1270,101201,0,0,0,0,0,0,0,0,0
1271,101201,0,0,0,0,0,0,0,0,0
1272,101501,0,0,0,0,0,0,0,0,0
1273,105401,0,0,0,0,0,0,0,0,0
1274,100301,0,0,0,0,0,0,0,0,0
1275,100501,0,0,0,0,0,0,0,0,0
1276,105301,0,0,0,0,0,0,0,0,0
1277,103401,0,0,0,0,0,0,0,0,0
1278,106101,0,0,0,0,0,0,0,0,0
1279,105901,0,0,0,0,0,0,0,0,0
1280,105201,0,0,0,0,0,0,0,0,0
1281,105201,0,0,0,0,0,0,0,0,0
1282,105201,0,0,0,0,0,0,0,0,0
1283,101001,0,0,0,0,0,0,0,0,0
1284,101001,0,0,0,0,0,0,0,0,0
1285,101701,0,0,0,0,0,0,0,0,0
1286,102101,0,0,0,0,0,0,0,0,0
1287,102601,0,0,0,0,0,0,0,0,0
1288,105001,0,0,0,0,0,0,0,0,0
1289,105301,0,0,0,0,0,0,0,0,0
1290,106301,0,0,0,0,0,0,0,0,0
1291,105801,0,0,0,0,0,0,0,0,0
1292,106001,0,0,0,0,0,0,0,0,0
1293,111001,0,0,0,0,0,0,0,0,0
1294,111001,0,0,0,0,0,0,0,0,0
1295,111001,0,0,0,0,0,0,0,0,0
1296,111001,0,0,0,0,0,0,0,0,0
1297,106501,0,0,0,0,0,0,0,0,0
1298,104001,0,0,0,0,0,0,0,0,0
1299,104601,0,0,0,0,0,0,0,0,0
1300,104601,0,0,0,0,0,0,0,0,0
1301,104801,0,0,0,0,0,0,0,0,0
1302,102701,0,0,0,0,0,0,0,0,0
1303,102701,0,0,0,0,0,0,0,0,0
1304,104901,0,0,0,0,0,0,0,0,0
1305,104901,0,0,0,0,0,0,0,0,0
1306,102901,0,0,0,0,0,0,0,0,0
1307,104201,0,0,0,0,0,0,0,0,0
1308,104201,0,0,0,0,0,0,0,0,0
1309,105401,0,0,0,0,0,0,0,0,0
1310,105401,0,0,0,0,0,0,0,0,0
1311,105101,0,0,0,0,0,0,0,0,0
1312,100801,0,0,0,0,0,0,0,0,0
1313,100801,0,0,0,0,0,0,0,0,0
1314,100801,0,0,0,0,0,0,0,0,0
1315,101701,0,0,0,0,0,0,0,0,0
1316,103001,0,0,0,0,0,0,0,0,0
1317,103001,0,0,0,0,0,0,0,0,0
1318,103001,0,0,0,0,0,0,0,0,0
1319,101601,0,0,0,0,0,0,0,0,0
1320,0,0,0,0,0,0,0,0,0,0
1321,101801,0,0,0,0,0,0,0,0,0
1322,103301,0,0,0,0,0,0,0,0,0
1323,100701,0,0,0,0,0,0,0,0,0
1324,100701,0,0,0,0,0,0,0,0,0
1325,100701,0,0,0,0,0,0,0,0,0
1326,106401,0,0,0,0,0,0,0,0,0
1327,105601,0,0,0,0,0,0,0,0,0
1328,105601,0,0,0,0,0,0,0,0,0
1329,105601,0,0,0,0,0,0,0,0,0
1330,105801,0,0,0,0,0,0,0,0,0
1331,106001,0,0,0,0,0,0,0,0,0
1332,106801,0,0,0,0,0,0,0,0,0
1333,102101,0,0,0,0,0,0,0,0,0
1334,105501,0,0,0,0,0,0,0,0,0
1335,0,0,0,0,0,0,0,0,0,0
1336,0,0,0,0,0,0,0,0,0,0
1337,0,0,0,0,0,0,0,0,0,0
2001,0,0,0,0,0,0,0,0,0,0
2002,0,0,0,0,0,0,0,0,0,0
2003,0,0,0,0,0,0,0,0,0,0
2005,0,0,0,0,0,0,0,0,0,0
2006,0,0,0,0,0,0,0,0,0,0
2008,0,0,0,0,0,0,0,0,0,0
2009,0,0,0,0,0,0,0,0,0,0
2010,0,0,0,0,0,0,0,0,0,0
2011,0,0,0,0,0,0,0,0,0,0
2013,0,0,0,0,0,0,0,0,0,0
2015,0,0,0,0,0,0,0,0,0,0
2017,0,0,0,0,0,0,0,0,0,0
2023,0,0,0,0,0,0,0,0,0,0
2024,0,0,0,0,0,0,0,0,0,0
2025,0,0,0,0,0,0,0,0,0,0
2026,0,0,0,0,0,0,0,0,0,0
2027,0,0,0,0,0,0,0,0,0,0
2028,0,0,0,0,0,0,0,0,0,0
2029,0,0,0,0,0,0,0,0,0,0
2031,0,0,0,0,0,0,0,0,0,0
2032,0,0,0,0,0,0,0,0,0,0
2033,0,0,0,0,0,0,0,0,0,0
2034,0,0,0,0,0,0,0,0,0,0
2035,0,0,0,0,0,0,0,0,0,0
2036,0,0,0,0,0,0,0,0,0,0
2037,0,0,0,0,0,0,0,0,0,0
2038,0,0,0,0,0,0,0,0,0,0
2039,0,0,0,0,0,0,0,0,0,0
2040,0,0,0,0,0,0,0,0,0,0
2041,0,0,0,0,0,0,0,0,0,0
2042,0,0,0,0,0,0,0,0,0,0
2043,0,0,0,0,0,0,0,0,0,0
2044,0,0,0,0,0,0,0,0,0,0
2045,0,0,0,0,0,0,0,0,0,0
2046,0,0,0,0,0,0,0,0,0,0
2047,0,0,0,0,0,0,0,0,0,0
2048,0,0,0,0,0,0,0,0,0,0
2049,0,0,0,0,0,0,0,0,0,0
2050,0,0,0,0,0,0,0,0,0,0
2051,0,0,0,0,0,0,0,0,0,0
2052,0,0,0,0,0,0,0,0,0,0
2053,0,0,0,0,0,0,0,0,0,0
2054,0,0,0,0,0,0,0,0,0,0
2055,0,0,0,0,0,0,0,0,0,0
2056,0,0,0,0,0,0,0,0,0,0
2057,0,0,0,0,0,0,0,0,0,0
2058,0,0,0,0,0,0,0,0,0,0
2059,0,0,0,0,0,0,0,0,0,0
2060,0,0,0,0,0,0,0,0,0,0
2061,0,0,0,0,0,0,0,0,0,0
2062,0,0,0,0,0,0,0,0,0,0
2063,0,0,0,0,0,0,0,0,0,0
2064,0,0,0,0,0,0,0,0,0,0
2065,0,0,0,0,0,0,0,0,0,0
2066,0,0,0,0,0,0,0,0,0,0
2067,0,0,0,0,0,0,0,0,0,0
2068,0,0,0,0,0,0,0,0,0,0
2069,0,0,0,0,0,0,0,0,0,0
2070,0,0,0,0,0,0,0,0,0,0
2071,0,0,0,0,0,0,0,0,0,0
2072,0,0,0,0,0,0,0,0,0,0
2073,0,0,0,0,0,0,0,0,0,0
2074,0,0,0,0,0,0,0,0,0,0
2075,0,0,0,0,0,0,0,0,0,0
2076,0,0,0,0,0,0,0,0,0,0
2077,0,0,0,0,0,0,0,0,0,0
2078,0,0,0,0,0,0,0,0,0,0
2080,0,0,0,0,0,0,0,0,0,0
2081,0,0,0,0,0,0,0,0,0,0
2083,0,0,0,0,0,0,0,0,0,0
2085,0,0,0,0,0,0,0,0,0,0
2086,0,0,0,0,0,0,0,0,0,0
2088,101001,0,0,0,0,0,0,0,0,0
2092,0,0,0,0,0,0,0,0,0,0
2093,0,0,0,0,0,0,0,0,0,0
2094,0,0,0,0,0,0,0,0,0,0
2095,0,0,0,0,0,0,0,0,0,0
2096,0,0,0,0,0,0,0,0,0,0
2097,0,0,0,0,0,0,0,0,0,0
2098,0,0,0,0,0,0,0,0,0,0
2099,0,0,0,0,0,0,0,0,0,0
2100,0,0,0,0,0,0,0,0,0,0
2101,0,0,0,0,0,0,0,0,0,0
2102,0,0,0,0,0,0,0,0,0,0
2103,0,0,0,0,0,0,0,0,0,0
2128,0,0,0,0,0,0,0,0,0,0
2129,0,0,0,0,0,0,0,0,0,0
2135,0,0,0,0,0,0,0,0,0,0
2137,0,0,0,0,0,0,0,0,0,0
2139,0,0,0,0,0,0,0,0,0,0
2143,0,0,0,0,0,0,0,0,0,0
2151,0,0,0,0,0,0,0,0,0,0
2157,0,0,0,0,0,0,0,0,0,0
2163,0,0,0,0,0,0,0,0,0,0
2164,0,0,0,0,0,0,0,0,0,0
2169,0,0,0,0,0,0,0,0,0,0
2194,0,0,0,0,0,0,0,0,0,0
2195,0,0,0,0,0,0,0,0,0,0
2197,0,0,0,0,0,0,0,0,0,0
2198,0,0,0,0,0,0,0,0,0,0
2200,0,0,0,0,0,0,0,0,0,0
2201,0,0,0,0,0,0,0,0,0,0
2202,0,0,0,0,0,0,0,0,0,0
2203,0,0,0,0,0,0,0,0,0,0
2204,0,0,0,0,0,0,0,0,0,0
2205,0,0,0,0,0,0,0,0,0,0
2214,0,0,0,0,0,0,0,0,0,0
2216,0,0,0,0,0,0,0,0,0,0
2224,0,0,0,0,0,0,0,0,0,0
2228,0,0,0,0,0,0,0,0,0,0
2231,0,0,0,0,0,0,0,0,0,0
2232,0,0,0,0,0,0,0,0,0,0
2233,0,0,0,0,0,0,0,0,0,0
2234,0,0,0,0,0,0,0,0,0,0
2235,0,0,0,0,0,0,0,0,0,0
2236,0,0,0,0,0,0,0,0,0,0
2237,0,0,0,0,0,0,0,0,0,0
2238,0,0,0,0,0,0,0,0,0,0
2240,0,0,0,0,0,0,0,0,0,0
2241,0,0,0,0,0,0,0,0,0,0
2242,0,0,0,0,0,0,0,0,0,0
2244,0,0,0,0,0,0,0,0,0,0
2245,0,0,0,0,0,0,0,0,0,0
2246,0,0,0,0,0,0,0,0,0,0
2247,0,0,0,0,0,0,0,0,0,0
2248,101601,0,0,0,0,0,0,0,0,0
2249,0,0,0,0,0,0,0,0,0,0
2250,0,0,0,0,0,0,0,0,0,0
2251,0,0,0,0,0,0,0,0,0,0
2252,0,0,0,0,0,0,0,0,0,0
2253,0,0,0,0,0,0,0,0,0,0
2255,0,0,0,0,0,0,0,0,0,0
2256,0,0,0,0,0,0,0,0,0,0
2257,0,0,0,0,0,0,0,0,0,0
2259,0,0,0,0,0,0,0,0,0,0
2260,0,0,0,0,0,0,0,0,0,0
2262,0,0,0,0,0,0,0,0,0,0
2263,0,0,0,0,0,0,0,0,0,0
2264,0,0,0,0,0,0,0,0,0,0
2265,0,0,0,0,0,0,0,0,0,0
2266,0,0,0,0,0,0,0,0,0,0
2267,0,0,0,0,0,0,0,0,0,0
2270,100901,0,0,0,0,0,0,0,0,0
2275,105801,0,0,0,0,0,0,0,0,0
2276,0,0,0,0,0,0,0,0,0,0
2277,0,0,0,0,0,0,0,0,0,0
2278,0,0,0,0,0,0,0,0,0,0
2279,0,0,0,0,0,0,0,0,0,0
2280,0,0,0,0,0,0,0,0,0,0
2281,0,0,0,0,0,0,0,0,0,0
2282,0,0,0,0,0,0,0,0,0,0
2283,0,0,0,0,0,0,0,0,0,0
2284,0,0,0,0,0,0,0,0,0,0
2285,0,0,0,0,0,0,0,0,0,0
2291,0,0,0,0,0,0,0,0,0,0
2292,0,0,0,0,0,0,0,0,0,0
2293,0,0,0,0,0,0,0,0,0,0
2294,0,0,0,0,0,0,0,0,0,0
2295,0,0,0,0,0,0,0,0,0,0
2296,0,0,0,0,0,0,0,0,0,0
2297,0,0,0,0,0,0,0,0,0,0
2298,0,0,0,0,0,0,0,0,0,0
2299,0,0,0,0,0,0,0,0,0,0
2300,0,0,0,0,0,0,0,0,0,0
2301,0,0,0,0,0,0,0,0,0,0
2302,0,0,0,0,0,0,0,0,0,0
2303,0,0,0,0,0,0,0,0,0,0
2304,0,0,0,0,0,0,0,0,0,0
2305,0,0,0,0,0,0,0,0,0,0
2306,0,0,0,0,0,0,0,0,0,0
2307,0,0,0,0,0,0,0,0,0,0
2308,0,0,0,0,0,0,0,0,0,0
2309,0,0,0,0,0,0,0,0,0,0
2310,0,0,0,0,0,0,0,0,0,0
2311,0,0,0,0,0,0,0,0,0,0
2312,0,0,0,0,0,0,0,0,0,0
2313,0,0,0,0,0,0,0,0,0,0
2314,0,0,0,0,0,0,0,0,0,0
2315,0,0,0,0,0,0,0,0,0,0
2316,0,0,0,0,0,0,0,0,0,0
3008,0,0,0,0,0,0,0,0,0,0
3009,0,0,0,0,0,0,0,0,0,0
3010,0,0,0,0,0,0,0,0,0,0
3011,0,0,0,0,0,0,0,0,0,0
3012,0,0,0,0,0,0,0,0,0,0
3016,105901,0,0,0,0,0,0,0,0,0
3020,106001,0,0,0,0,0,0,0,0,0
3026,102001,0,0,0,0,0,0,0,0,0
3029,101201,0,0,0,0,0,0,0,0,0
3050,0,0,0,0,0,0,0,0,0,0
3051,0,0,0,0,0,0,0,0,0,0
3054,0,0,0,0,0,0,0,0,0,0
3063,0,0,0,0,0,0,0,0,0,0
3064,0,0,0,0,0,0,0,0,0,0
3065,0,0,0,0,0,0,0,0,0,0
3066,104001,0,0,0,0,0,0,0,0,0
3067,0,0,0,0,0,0,0,0,0,0
3068,107101,0,0,0,0,0,0,0,0,0
3070,102301,0,0,0,0,0,0,0,0,0
3073,104801,0,0,0,0,0,0,0,0,0
3074,104601,0,0,0,0,0,0,0,0,0
3075,101801,0,0,0,0,0,0,0,0,0
3076,105001,0,0,0,0,0,0,0,0,0
3078,0,0,0,0,0,0,0,0,0,0
3079,0,0,0,0,0,0,0,0,0,0
3080,106301,0,0,0,0,0,0,0,0,0
3081,0,0,0,0,0,0,0,0,0,0
3082,109401,0,0,0,0,0,0,0,0,0
3083,0,0,0,0,0,0,0,0,0,0
3084,0,0,0,0,0,0,0,0,0,0
3115,0,0,0,0,0,0,0,0,0,0
3125,0,0,0,0,0,0,0,0,0,0
3126,0,0,0,0,0,0,0,0,0,0
3127,0,0,0,0,0,0,0,0,0,0
3128,0,0,0,0,0,0,0,0,0,0
3129,0,0,0,0,0,0,0,0,0,0
3133,0,0,0,0,0,0,0,0,0,0
3134,100601,0,0,0,0,0,0,0,0,0
3141,0,0,0,0,0,0,0,0,0,0
3143,0,0,0,0,0,0,0,0,0,0
3144,0,0,0,0,0,0,0,0,0,0
3145,106001,0,0,0,0,0,0,0,0,0
3147,0,0,0,0,0,0,0,0,0,0
3152,0,0,0,0,0,0,0,0,0,0
3153,0,0,0,0,0,0,0,0,0,0
3154,0,0,0,0,0,0,0,0,0,0
3155,0,0,0,0,0,0,0,0,0,0
3156,100801,0,0,0,0,0,0,0,0,0
3159,0,0,0,0,0,0,0,0,0,0
3160,0,0,0,0,0,0,0,0,0,0
3161,0,0,0,0,0,0,0,0,0,0
3162,0,0,0,0,0,0,0,0,0,0
3163,0,0,0,0,0,0,0,0,0,0
3164,0,0,0,0,0,0,0,0,0,0
3165,0,0,0,0,0,0,0,0,0,0
3180,0,0,0,0,0,0,0,0,0,0
3181,0,0,0,0,0,0,0,0,0,0
3182,0,0,0,0,0,0,0,0,0,0
3183,0,0,0,0,0,0,0,0,0,0
3184,0,0,0,0,0,0,0,0,0,0
3185,0,0,0,0,0,0,0,0,0,0
3186,0,0,0,0,0,0,0,0,0,0
3187,0,0,0,0,0,0,0,0,0,0
3188,0,0,0,0,0,0,0,0,0,0
3189,0,0,0,0,0,0,0,0,0,0
3190,0,0,0,0,0,0,0,0,0,0
3191,0,0,0,0,0,0,0,0,0,0
3192,0,0,0,0,0,0,0,0,0,0
3193,0,0,0,0,0,0,0,0,0,0
3194,0,0,0,0,0,0,0,0,0,0
3195,0,0,0,0,0,0,0,0,0,0
3196,0,0,0,0,0,0,0,0,0,0
3197,0,0,0,0,0,0,0,0,0,0
3199,0,0,0,0,0,0,0,0,0,0
3200,0,0,0,0,0,0,0,0,0,0
3201,0,0,0,0,0,0,0,0,0,0
3202,0,0,0,0,0,0,0,0,0,0
3204,0,0,0,0,0,0,0,0,0,0
3205,0,0,0,0,0,0,0,0,0,0
3206,0,0,0,0,0,0,0,0,0,0
3207,0,0,0,0,0,0,0,0,0,0
3208,0,0,0,0,0,0,0,0,0,0
3209,0,0,0,0,0,0,0,0,0,0
3210,0,0,0,0,0,0,0,0,0,0
3211,0,0,0,0,0,0,0,0,0,0
3212,0,0,0,0,0,0,0,0,0,0
3214,0,0,0,0,0,0,0,0,0,0
3215,0,0,0,0,0,0,0,0,0,0
3216,0,0,0,0,0,0,0,0,0,0
3217,0,0,0,0,0,0,0,0,0,0
3218,0,0,0,0,0,0,0,0,0,0
3219,0,0,0,0,0,0,0,0,0,0
3220,0,0,0,0,0,0,0,0,0,0
3221,0,0,0,0,0,0,0,0,0,0
3222,0,0,0,0,0,0,0,0,0,0
3224,0,0,0,0,0,0,0,0,0,0
3225,0,0,0,0,0,0,0,0,0,0
3226,0,0,0,0,0,0,0,0,0,0
3227,0,0,0,0,0,0,0,0,0,0
3228,0,0,0,0,0,0,0,0,0,0
3229,0,0,0,0,0,0,0,0,0,0
3230,0,0,0,0,0,0,0,0,0,0
3231,0,0,0,0,0,0,0,0,0,0
3232,0,0,0,0,0,0,0,0,0,0
3233,0,0,0,0,0,0,0,0,0,0
3234,0,0,0,0,0,0,0,0,0,0
3235,0,0,0,0,0,0,0,0,0,0
3237,0,0,0,0,0,0,0,0,0,0
3238,0,0,0,0,0,0,0,0,0,0
3239,0,0,0,0,0,0,0,0,0,0
3240,0,0,0,0,0,0,0,0,0,0
3243,0,0,0,0,0,0,0,0,0,0
3246,0,0,0,0,0,0,0,0,0,0
3247,0,0,0,0,0,0,0,0,0,0
3248,0,0,0,0,0,0,0,0,0,0
3249,0,0,0,0,0,0,0,0,0,0
3250,0,0,0,0,0,0,0,0,0,0
3251,0,0,0,0,0,0,0,0,0,0
3252,0,0,0,0,0,0,0,0,0,0
3253,0,0,0,0,0,0,0,0,0,0
3254,0,0,0,0,0,0,0,0,0,0
3255,0,0,0,0,0,0,0,0,0,0
3256,0,0,0,0,0,0,0,0,0,0
3257,0,0,0,0,0,0,0,0,0,0
3258,0,0,0,0,0,0,0,0,0,0
3259,0,0,0,0,0,0,0,0,0,0
3260,0,0,0,0,0,0,0,0,0,0
3261,0,0,0,0,0,0,0,0,0,0
3262,0,0,0,0,0,0,0,0,0,0
3263,0,0,0,0,0,0,0,0,0,0
3264,0,0,0,0,0,0,0,0,0,0
3265,0,0,0,0,0,0,0,0,0,0
3266,0,0,0,0,0,0,0,0,0,0
3267,0,0,0,0,0,0,0,0,0,0
3268,0,0,0,0,0,0,0,0,0,0
3270,0,0,0,0,0,0,0,0,0,0
3271,0,0,0,0,0,0,0,0,0,0
3272,0,0,0,0,0,0,0,0,0,0
3273,0,0,0,0,0,0,0,0,0,0
3275,0,0,0,0,0,0,0,0,0,0
3276,0,0,0,0,0,0,0,0,0,0
3277,0,0,0,0,0,0,0,0,0,0
3278,0,0,0,0,0,0,0,0,0,0
3279,0,0,0,0,0,0,0,0,0,0
3280,0,0,0,0,0,0,0,0,0,0
3281,0,0,0,0,0,0,0,0,0,0
3283,0,0,0,0,0,0,0,0,0,0
3284,0,0,0,0,0,0,0,0,0,0
3285,0,0,0,0,0,0,0,0,0,0
3287,101601,0,0,0,0,0,0,0,0,0
3289,0,0,0,0,0,0,0,0,0,0
3290,0,0,0,0,0,0,0,0,0,0
3291,0,0,0,0,0,0,0,0,0,0
3292,0,0,0,0,0,0,0,0,0,0
3293,0,0,0,0,0,0,0,0,0,0
3294,0,0,0,0,0,0,0,0,0,0
3295,0,0,0,0,0,0,0,0,0,0
3296,0,0,0,0,0,0,0,0,0,0
3297,0,0,0,0,0,0,0,0,0,0
3298,0,0,0,0,0,0,0,0,0,0
3299,0,0,0,0,0,0,0,0,0,0
3300,0,0,0,0,0,0,0,0,0,0
3301,0,0,0,0,0,0,0,0,0,0
3303,0,0,0,0,0,0,0,0,0,0
3304,0,0,0,0,0,0,0,0,0,0
3305,0,0,0,0,0,0,0,0,0,0
3306,0,0,0,0,0,0,0,0,0,0
3307,0,0,0,0,0,0,0,0,0,0
3308,0,0,0,0,0,0,0,0,0,0
3309,0,0,0,0,0,0,0,0,0,0
3310,0,0,0,0,0,0,0,0,0,0
3311,0,0,0,0,0,0,0,0,0,0
3313,0,0,0,0,0,0,0,0,0,0
3314,0,0,0,0,0,0,0,0,0,0
3316,0,0,0,0,0,0,0,0,0,0
3317,0,0,0,0,0,0,0,0,0,0
3318,0,0,0,0,0,0,0,0,0,0
4003,0,0,0,0,0,0,0,0,0,0
4004,0,0,0,0,0,0,0,0,0,0
4010,0,0,0,0,0,0,0,0,0,0
4013,0,0,0,0,0,0,0,0,0,0
4015,0,0,0,0,0,0,0,0,0,0
4017,0,0,0,0,0,0,0,0,0,0
4018,0,0,0,0,0,0,0,0,0,0
4019,0,0,0,0,0,0,0,0,0,0
4020,0,0,0,0,0,0,0,0,0,0
4021,0,0,0,0,0,0,0,0,0,0
4022,0,0,0,0,0,0,0,0,0,0
4023,0,0,0,0,0,0,0,0,0,0
4024,0,0,0,0,0,0,0,0,0,0
4025,0,0,0,0,0,0,0,0,0,0
4026,0,0,0,0,0,0,0,0,0,0
4027,0,0,0,0,0,0,0,0,0,0
4028,0,0,0,0,0,0,0,0,0,0
4029,0,0,0,0,0,0,0,0,0,0
4030,0,0,0,0,0,0,0,0,0,0
4031,0,0,0,0,0,0,0,0,0,0
4032,0,0,0,0,0,0,0,0,0,0
4033,0,0,0,0,0,0,0,0,0,0
4034,0,0,0,0,0,0,0,0,0,0
4035,0,0,0,0,0,0,0,0,0,0
4036,0,0,0,0,0,0,0,0,0,0
4037,0,0,0,0,0,0,0,0,0,0
4038,0,0,0,0,0,0,0,0,0,0
4040,0,0,0,0,0,0,0,0,0,0
4041,0,0,0,0,0,0,0,0,0,0
4043,0,0,0,0,0,0,0,0,0,0
4051,0,0,0,0,0,0,0,0,0,0
4055,0,0,0,0,0,0,0,0,0,0
4057,0,0,0,0,0,0,0,0,0,0
4058,0,0,0,0,0,0,0,0,0,0
4059,0,0,0,0,0,0,0,0,0,0
4060,0,0,0,0,0,0,0,0,0,0
4061,0,0,0,0,0,0,0,0,0,0
4062,0,0,0,0,0,0,0,0,0,0
4063,0,0,0,0,0,0,0,0,0,0
4064,0,0,0,0,0,0,0,0,0,0
4065,0,0,0,0,0,0,0,0,0,0
4066,0,0,0,0,0,0,0,0,0,0
4067,0,0,0,0,0,0,0,0,0,0
4068,0,0,0,0,0,0,0,0,0,0
4069,0,0,0,0,0,0,0,0,0,0
4070,0,0,0,0,0,0,0,0,0,0
4071,0,0,0,0,0,0,0,0,0,0
4072,0,0,0,0,0,0,0,0,0,0
4073,0,0,0,0,0,0,0,0,0,0
4074,0,0,0,0,0,0,0,0,0,0
4075,0,0,0,0,0,0,0,0,0,0
4076,0,0,0,0,0,0,0,0,0,0
4077,0,0,0,0,0,0,0,0,0,0
4078,0,0,0,0,0,0,0,0,0,0
4079,0,0,0,0,0,0,0,0,0,0
4080,0,0,0,0,0,0,0,0,0,0
4081,0,0,0,0,0,0,0,0,0,0
4082,0,0,0,0,0,0,0,0,0,0
4083,0,0,0,0,0,0,0,0,0,0
4084,0,0,0,0,0,0,0,0,0,0
4085,0,0,0,0,0,0,0,0,0,0
4086,0,0,0,0,0,0,0,0,0,0
4089,0,0,0,0,0,0,0,0,0,0
4090,0,0,0,0,0,0,0,0,0,0
4091,0,0,0,0,0,0,0,0,0,0
4099,0,0,0,0,0,0,0,0,0,0
4100,0,0,0,0,0,0,0,0,0,0
4106,0,0,0,0,0,0,0,0,0,0
4108,0,0,0,0,0,0,0,0,0,0
4110,0,0,0,0,0,0,0,0,0,0
4114,0,0,0,0,0,0,0,0,0,0
4117,0,0,0,0,0,0,0,0,0,0
4125,0,0,0,0,0,0,0,0,0,0
4126,0,0,0,0,0,0,0,0,0,0
4134,0,0,0,0,0,0,0,0,0,0
4138,0,0,0,0,0,0,0,0,0,0
4139,0,0,0,0,0,0,0,0,0,0
4140,0,0,0,0,0,0,0,0,0,0
4141,0,0,0,0,0,0,0,0,0,0
4143,0,0,0,0,0,0,0,0,0,0
4144,0,0,0,0,0,0,0,0,0,0
4145,0,0,0,0,0,0,0,0,0,0
4146,0,0,0,0,0,0,0,0,0,0
4148,0,0,0,0,0,0,0,0,0,0
4150,0,0,0,0,0,0,0,0,0,0
4151,0,0,0,0,0,0,0,0,0,0
4152,0,0,0,0,0,0,0,0,0,0
4153,0,0,0,0,0,0,0,0,0,0
4154,0,0,0,0,0,0,0,0,0,0
4155,0,0,0,0,0,0,0,0,0,0
4157,0,0,0,0,0,0,0,0,0,0
4158,0,0,0,0,0,0,0,0,0,0
4159,0,0,0,0,0,0,0,0,0,0
4161,0,0,0,0,0,0,0,0,0,0
4162,0,0,0,0,0,0,0,0,0,0
4163,0,0,0,0,0,0,0,0,0,0
4164,0,0,0,0,0,0,0,0,0,0
4165,0,0,0,0,0,0,0,0,0,0
4166,0,0,0,0,0,0,0,0,0,0
4167,0,0,0,0,0,0,0,0,0,0
4168,0,0,0,0,0,0,0,0,0,0
4169,0,0,0,0,0,0,0,0,0,0
4170,0,0,0,0,0,0,0,0,0,0
4171,0,0,0,0,0,0,0,0,0,0
4172,0,0,0,0,0,0,0,0,0,0
4173,0,0,0,0,0,0,0,0,0,0
4175,0,0,0,0,0,0,0,0,0,0
4176,0,0,0,0,0,0,0,0,0,0
4177,0,0,0,0,0,0,0,0,0,0
4178,0,0,0,0,0,0,0,0,0,0
4179,0,0,0,0,0,0,0,0,0,0
4180,0,0,0,0,0,0,0,0,0,0
4181,0,0,0,0,0,0,0,0,0,0
4182,0,0,0,0,0,0,0,0,0,0
4183,0,0,0,0,0,0,0,0,0,0
4184,0,0,0,0,0,0,0,0,0,0
4185,0,0,0,0,0,0,0,0,0,0
4186,0,0,0,0,0,0,0,0,0,0
4187,0,0,0,0,0,0,0,0,0,0
4188,0,0,0,0,0,0,0,0,0,0
4189,0,0,0,0,0,0,0,0,0,0
4190,0,0,0,0,0,0,0,0,0,0
4191,0,0,0,0,0,0,0,0,0,0
4192,0,0,0,0,0,0,0,0,0,0
4193,0,0,0,0,0,0,0,0,0,0
4194,0,0,0,0,0,0,0,0,0,0
4195,0,0,0,0,0,0,0,0,0,0
4196,0,0,0,0,0,0,0,0,0,0
4197,0,0,0,0,0,0,0,0,0,0
4198,0,0,0,0,0,0,0,0,0,0
4199,0,0,0,0,0,0,0,0,0,0
4201,0,0,0,0,0,0,0,0,0,0
4202,0,0,0,0,0,0,0,0,0,0
4203,0,0,0,0,0,0,0,0,0,0
4204,101201,0,0,0,0,0,0,0,0,0
4205,0,0,0,0,0,0,0,0,0,0
4206,0,0,0,0,0,0,0,0,0,0
4207,0,0,0,0,0,0,0,0,0,0
4208,0,0,0,0,0,0,0,0,0,0
4209,0,0,0,0,0,0,0,0,0,0
4210,0,0,0,0,0,0,0,0,0,0
4211,0,0,0,0,0,0,0,0,0,0
4212,101601,0,0,0,0,0,0,0,0,0
4213,0,0,0,0,0,0,0,0,0,0
4214,0,0,0,0,0,0,0,0,0,0
4216,0,0,0,0,0,0,0,0,0,0
4217,0,0,0,0,0,0,0,0,0,0
4218,107001,0,0,0,0,0,0,0,0,0
4219,0,0,0,0,0,0,0,0,0,0
4220,0,0,0,0,0,0,0,0,0,0
4221,0,0,0,0,0,0,0,0,0,0
4222,0,0,0,0,0,0,0,0,0,0
4223,0,0,0,0,0,0,0,0,0,0
4224,0,0,0,0,0,0,0,0,0,0
4225,0,0,0,0,0,0,0,0,0,0
4226,0,0,0,0,0,0,0,0,0,0
4227,0,0,0,0,0,0,0,0,0,0
4228,0,0,0,0,0,0,0,0,0,0
4230,0,0,0,0,0,0,0,0,0,0
4233,0,0,0,0,0,0,0,0,0,0
4234,0,0,0,0,0,0,0,0,0,0
4235,0,0,0,0,0,0,0,0,0,0
4236,0,0,0,0,0,0,0,0,0,0
4237,0,0,0,0,0,0,0,0,0,0
4238,0,0,0,0,0,0,0,0,0,0
4240,0,0,0,0,0,0,0,0,0,0
4242,0,0,0,0,0,0,0,0,0,0
4244,0,0,0,0,0,0,0,0,0,0
4245,0,0,0,0,0,0,0,0,0,0
4246,0,0,0,0,0,0,0,0,0,0
4247,0,0,0,0,0,0,0,0,0,0
4248,0,0,0,0,0,0,0,0,0,0
4249,0,0,0,0,0,0,0,0,0,0
4250,0,0,0,0,0,0,0,0,0,0
4251,0,0,0,0,0,0,0,0,0,0
5001,0,0,0,0,0,0,0,0,0,0
5002,0,0,0,0,0,0,0,0,0,0
5004,0,0,0,0,0,0,0,0,0,0
5005,0,0,0,0,0,0,0,0,0,0
5006,0,0,0,0,0,0,0,0,0,0
5010,0,0,0,0,0,0,0,0,0,0
5011,0,0,0,0,0,0,0,0,0,0
5013,0,0,0,0,0,0,0,0,0,0
5014,0,0,0,0,0,0,0,0,0,0
5015,0,0,0,0,0,0,0,0,0,0
5016,0,0,0,0,0,0,0,0,0,0
5017,0,0,0,0,0,0,0,0,0,0
5018,0,0,0,0,0,0,0,0,0,0
5021,0,0,0,0,0,0,0,0,0,0
5023,0,0,0,0,0,0,0,0,0,0
5026,0,0,0,0,0,0,0,0,0,0
5027,0,0,0,0,0,0,0,0,0,0
5028,0,0,0,0,0,0,0,0,0,0
5029,0,0,0,0,0,0,0,0,0,0
5031,0,0,0,0,0,0,0,0,0,0
5034,0,0,0,0,0,0,0,0,0,0
5037,0,0,0,0,0,0,0,0,0,0
5038,0,0,0,0,0,0,0,0,0,0
5039,0,0,0,0,0,0,0,0,0,0
5040,0,0,0,0,0,0,0,0,0,0
5041,0,0,0,0,0,0,0,0,0,0
5042,106801,0,0,0,0,0,0,0,0,0
5043,0,0,0,0,0,0,0,0,0,0
5044,0,0,0,0,0,0,0,0,0,0
5045,0,0,0,0,0,0,0,0,0,0
5047,102901,0,0,0,0,0,0,0,0,0
5050,0,0,0,0,0,0,0,0,0,0
5051,0,0,0,0,0,0,0,0,0,0
5052,0,0,0,0,0,0,0,0,0,0
5054,0,0,0,0,0,0,0,0,0,0
5055,0,0,0,0,0,0,0,0,0,0
5056,0,0,0,0,0,0,0,0,0,0
5057,0,0,0,0,0,0,0,0,0,0
5058,0,0,0,0,0,0,0,0,0,0
5059,0,0,0,0,0,0,0,0,0,0
5060,0,0,0,0,0,0,0,0,0,0
5061,0,0,0,0,0,0,0,0,0,0
5063,0,0,0,0,0,0,0,0,0,0
5064,0,0,0,0,0,0,0,0,0,0
5066,0,0,0,0,0,0,0,0,0,0
5067,0,0,0,0,0,0,0,0,0,0
5068,0,0,0,0,0,0,0,0,0,0
5069,0,0,0,0,0,0,0,0,0,0
5070,0,0,0,0,0,0,0,0,0,0
5071,0,0,0,0,0,0,0,0,0,0
5072,0,0,0,0,0,0,0,0,0,0
5073,0,0,0,0,0,0,0,0,0,0
5074,0,0,0,0,0,0,0,0,0,0
5075,0,0,0,0,0,0,0,0,0,0
5076,0,0,0,0,0,0,0,0,0,0
5077,0,0,0,0,0,0,0,0,0,0
5079,0,0,0,0,0,0,0,0,0,0
5081,0,0,0,0,0,0,0,0,0,0
5082,0,0,0,0,0,0,0,0,0,0
5083,0,0,0,0,0,0,0,0,0,0
5084,0,0,0,0,0,0,0,0,0,0
5088,0,0,0,0,0,0,0,0,0,0
5089,0,0,0,0,0,0,0,0,0,0
5090,0,0,0,0,0,0,0,0,0,0
5091,0,0,0,0,0,0,0,0,0,0
5092,0,0,0,0,0,0,0,0,0,0
5097,0,0,0,0,0,0,0,0,0,0
5098,0,0,0,0,0,0,0,0,0,0
5100,0,0,0,0,0,0,0,0,0,0
5101,0,0,0,0,0,0,0,0,0,0
5102,0,0,0,0,0,0,0,0,0,0
5103,101001,0,0,0,0,0,0,0,0,0
5104,0,0,0,0,0,0,0,0,0,0
5107,0,0,0,0,0,0,0,0,0,0
5109,0,0,0,0,0,0,0,0,0,0
5110,0,0,0,0,0,0,0,0,0,0
5111,0,0,0,0,0,0,0,0,0,0
5112,106801,0,0,0,0,0,0,0,0,0
5113,0,0,0,0,0,0,0,0,0,0
5114,0,0,0,0,0,0,0,0,0,0
5115,0,0,0,0,0,0,0,0,0,0
5117,0,0,0,0,0,0,0,0,0,0
5119,0,0,0,0,0,0,0,0,0,0
5120,0,0,0,0,0,0,0,0,0,0
5121,0,0,0,0,0,0,0,0,0,0
5122,0,0,0,0,0,0,0,0,0,0
5123,0,0,0,0,0,0,0,0,0,0
5125,0,0,0,0,0,0,0,0,0,0
5126,0,0,0,0,0,0,0,0,0,0
5127,0,0,0,0,0,0,0,0,0,0
5128,0,0,0,0,0,0,0,0,0,0
5130,0,0,0,0,0,0,0,0,0,0
5131,0,0,0,0,0,0,0,0,0,0
5132,0,0,0,0,0,0,0,0,0,0
5133,0,0,0,0,0,0,0,0,0,0
5134,0,0,0,0,0,0,0,0,0,0
5135,0,0,0,0,0,0,0,0,0,0
5137,0,0,0,0,0,0,0,0,0,0
5138,0,0,0,0,0,0,0,0,0,0
5139,0,0,0,0,0,0,0,0,0,0
5140,0,0,0,0,0,0,0,0,0,0
5141,0,0,0,0,0,0,0,0,0,0
5142,0,0,0,0,0,0,0,0,0,0
5143,0,0,0,0,0,0,0,0,0,0
5144,0,0,0,0,0,0,0,0,0,0
5145,0,0,0,0,0,0,0,0,0,0
5146,0,0,0,0,0,0,0,0,0,0
5147,0,0,0,0,0,0,0,0,0,0
5148,0,0,0,0,0,0,0,0,0,0
5149,0,0,0,0,0,0,0,0,0,0
5150,0,0,0,0,0,0,0,0,0,0
5151,0,0,0,0,0,0,0,0,0,0
5152,0,0,0,0,0,0,0,0,0,0
5153,0,0,0,0,0,0,0,0,0,0
5155,0,0,0,0,0,0,0,0,0,0
5156,0,0,0,0,0,0,0,0,0,0
5157,0,0,0,0,0,0,0,0,0,0
5158,0,0,0,0,0,0,0,0,0,0
5159,0,0,0,0,0,0,0,0,0,0
5160,0,0,0,0,0,0,0,0,0,0
5161,0,0,0,0,0,0,0,0,0,0
5162,0,0,0,0,0,0,0,0,0,0
5163,0,0,0,0,0,0,0,0,0,0
5164,0,0,0,0,0,0,0,0,0,0
5165,0,0,0,0,0,0,0,0,0,0
5166,0,0,0,0,0,0,0,0,0,0
5167,0,0,0,0,0,0,0,0,0,0
5168,0,0,0,0,0,0,0,0,0,0
5169,0,0,0,0,0,0,0,0,0,0
5170,0,0,0,0,0,0,0,0,0,0
5171,0,0,0,0,0,0,0,0,0,0
5172,0,0,0,0,0,0,0,0,0,0
5173,0,0,0,0,0,0,0,0,0,0
5174,0,0,0,0,0,0,0,0,0,0
5175,0,0,0,0,0,0,0,0,0,0
5176,0,0,0,0,0,0,0,0,0,0
5177,0,0,0,0,0,0,0,0,0,0
5178,0,0,0,0,0,0,0,0,0,0
5179,0,0,0,0,0,0,0,0,0,0
5181,0,0,0,0,0,0,0,0,0,0
5182,0,0,0,0,0,0,0,0,0,0
5183,0,0,0,0,0,0,0,0,0,0
5185,0,0,0,0,0,0,0,0,0,0
5186,0,0,0,0,0,0,0,0,0,0
5188,0,0,0,0,0,0,0,0,0,0
5190,0,0,0,0,0,0,0,0,0,0
5191,0,0,0,0,0,0,0,0,0,0
5192,0,0,0,0,0,0,0,0,0,0
5193,0,0,0,0,0,0,0,0,0,0
5194,0,0,0,0,0,0,0,0,0,0
5195,0,0,0,0,0,0,0,0,0,0
5196,0,0,0,0,0,0,0,0,0,0
5197,0,0,0,0,0,0,0,0,0,0
5198,0,0,0,0,0,0,0,0,0,0
5199,0,0,0,0,0,0,0,0,0,0
5200,0,0,0,0,0,0,0,0,0,0
5201,105201,0,0,0,0,0,0,0,0,0
5202,0,0,0,0,0,0,0,0,0,0
5203,0,0,0,0,0,0,0,0,0,0
5204,0,0,0,0,0,0,0,0,0,0
5205,0,0,0,0,0,0,0,0,0,0
5206,0,0,0,0,0,0,0,0,0,0
5207,0,0,0,0,0,0,0,0,0,0
5209,0,0,0,0,0,0,0,0,0,0
5211,0,0,0,0,0,0,0,0,0,0
5212,0,0,0,0,0,0,0,0,0,0
5213,0,0,0,0,0,0,0,0,0,0
5214,0,0,0,0,0,0,0,0,0,0
5215,0,0,0,0,0,0,0,0,0,0
5216,0,0,0,0,0,0,0,0,0,0
5217,0,0,0,0,0,0,0,0,0,0
5218,0,0,0,0,0,0,0,0,0,0
5219,0,0,0,0,0,0,0,0,0,0
5220,105901,0,0,0,0,0,0,0,0,0
5221,0,0,0,0,0,0,0,0,0,0
5222,0,0,0,0,0,0,0,0,0,0
5223,0,0,0,0,0,0,0,0,0,0
5224,0,0,0,0,0,0,0,0,0,0
5225,0,0,0,0,0,0,0,0,0,0
5226,0,0,0,0,0,0,0,0,0,0
5227,0,0,0,0,0,0,0,0,0,0
5228,0,0,0,0,0,0,0,0,0,0
5229,0,0,0,0,0,0,0,0,0,0
5230,0,0,0,0,0,0,0,0,0,0
5231,0,0,0,0,0,0,0,0,0,0
5232,0,0,0,0,0,0,0,0,0,0
5233,0,0,0,0,0,0,0,0,0,0
5234,0,0,0,0,0,0,0,0,0,0
5235,0,0,0,0,0,0,0,0,0,0
5236,0,0,0,0,0,0,0,0,0,0
5237,0,0,0,0,0,0,0,0,0,0
5238,0,0,0,0,0,0,0,0,0,0
5239,0,0,0,0,0,0,0,0,0,0
5240,0,0,0,0,0,0,0,0,0,0
5241,0,0,0,0,0,0,0,0,0,0
6001,0,0,0,0,0,0,0,0,0,0
6002,0,0,0,0,0,0,0,0,0,0
6003,103601,0,0,0,0,0,0,0,0,0
6009,0,0,0,0,0,0,0,0,0,0
6010,0,0,0,0,0,0,0,0,0,0
6012,0,0,0,0,0,0,0,0,0,0
6013,0,0,0,0,0,0,0,0,0,0
6014,0,0,0,0,0,0,0,0,0,0
6015,0,0,0,0,0,0,0,0,0,0
6022,0,0,0,0,0,0,0,0,0,0
6025,100901,0,0,0,0,0,0,0,0,0
6041,106001,0,0,0,0,0,0,0,0,0
6043,101101,0,0,0,0,0,0,0,0,0
6048,105001,0,0,0,0,0,0,0,0,0
6049,0,0,0,0,0,0,0,0,0,0
6050,0,0,0,0,0,0,0,0,0,0
6052,0,0,0,0,0,0,0,0,0,0
6054,0,0,0,0,0,0,0,0,0,0
6056,105101,0,0,0,0,0,0,0,0,0
6057,101301,0,0,0,0,0,0,0,0,0
6058,101701,0,0,0,0,0,0,0,0,0
6059,103001,0,0,0,0,0,0,0,0,0
6060,0,0,0,0,0,0,0,0,0,0
6061,0,0,0,0,0,0,0,0,0,0
6062,0,0,0,0,0,0,0,0,0,0
6063,0,0,0,0,0,0,0,0,0,0
6064,0,0,0,0,0,0,0,0,0,0
6065,105601,0,0,0,0,0,0,0,0,0
6066,100901,0,0,0,0,0,0,0,0,0
6067,105801,0,0,0,0,0,0,0,0,0
6068,0,0,0,0,0,0,0,0,0,0
6069,0,0,0,0,0,0,0,0,0,0
6070,101801,0,0,0,0,0,0,0,0,0
6071,118001,0,0,0,0,0,0,0,0,0
6072,0,0,0,0,0,0,0,0,0,0
6073,0,0,0,0,0,0,0,0,0,0
6074,106001,0,0,0,0,0,0,0,0,0
6075,0,0,0,0,0,0,0,0,0,0
6076,0,0,0,0,0,0,0,0,0,0
6077,0,0,0,0,0,0,0,0,0,0
6078,0,0,0,0,0,0,0,0,0,0
6079,0,0,0,0,0,0,0,0,0,0
6080,106401,0,0,0,0,0,0,0,0,0
6081,0,0,0,0,0,0,0,0,0,0
6082,0,0,0,0,0,0,0,0,0,0
6083,0,0,0,0,0,0,0,0,0,0
6084,0,0,0,0,0,0,0,0,0,0
6085,102901,0,0,0,0,0,0,0,0,0
6086,104201,0,0,0,0,0,0,0,0,0
6087,0,0,0,0,0,0,0,0,0,0
6088,100501,0,0,0,0,0,0,0,0,0
6089,0,0,0,0,0,0,0,0,0,0
6090,0,0,0,0,0,0,0,0,0,0
6091,107001,0,0,0,0,0,0,0,0,0
6092,106501,0,0,0,0,0,0,0,0,0
6093,0,0,0,0,0,0,0,0,0,0
6094,103201,0,0,0,0,0,0,0,0,0
6095,106101,0,0,0,0,0,0,0,0,0
6096,118001,0,0,0,0,0,0,0,0,0
6097,0,0,0,0,0,0,0,0,0,0
6098,103401,0,0,0,0,0,0,0,0,0
6100,106601,0,0,0,0,0,0,0,0,0
6102,104401,0,0,0,0,0,0,0,0,0
6104,0,0,0,0,0,0,0,0,0,0
6105,102701,0,0,0,0,0,0,0,0,0
6112,105801,0,0,0,0,0,0,0,0,0
6113,0,0,0,0,0,0,0,0,0,0
6114,106801,0,0,0,0,0,0,0,0,0
6115,110901,0,0,0,0,0,0,0,0,0
6116,0,0,0,0,0,0,0,0,0,0
6117,101301,0,0,0,0,0,0,0,0,0
6119,0,0,0,0,0,0,0,0,0,0
6120,0,0,0,0,0,0,0,0,0,0
6122,105301,0,0,0,0,0,0,0,0,0
6132,101101,0,0,0,0,0,0,0,0,0
6134,0,0,0,0,0,0,0,0,0,0
6135,0,0,0,0,0,0,0,0,0,0
6136,102801,0,0,0,0,0,0,0,0,0
6137,106101,0,0,0,0,0,0,0,0,0
6138,104001,0,0,0,0,0,0,0,0,0
6139,101001,0,0,0,0,0,0,0,0,0
6140,107001,0,0,0,0,0,0,0,0,0
6141,100101,0,0,0,0,0,0,0,0,0
6143,104501,0,0,0,0,0,0,0,0,0
6146,0,0,0,0,0,0,0,0,0,0
6147,0,0,0,0,0,0,0,0,0,0
6151,103801,0,0,0,0,0,0,0,0,0
6153,103701,0,0,0,0,0,0,0,0,0
6155,0,0,0,0,0,0,0,0,0,0
6157,0,0,0,0,0,0,0,0,0,0
6160,0,0,0,0,0,0,0,0,0,0
6162,0,0,0,0,0,0,0,0,0,0
6164,0,0,0,0,0,0,0,0,0,0
6165,105101,0,0,0,0,0,0,0,0,0
6166,100401,0,0,0,0,0,0,0,0,0
6167,0,0,0,0,0,0,0,0,0,0
6168,0,0,0,0,0,0,0,0,0,0
6169,103601,0,0,0,0,0,0,0,0,0
6170,0,0,0,0,0,0,0,0,0,0
6171,0,0,0,0,0,0,0,0,0,0
6172,0,0,0,0,0,0,0,0,0,0
6173,101201,0,0,0,0,0,0,0,0,0
6174,0,0,0,0,0,0,0,0,0,0
6175,0,0,0,0,0,0,0,0,0,0
6176,100801,0,0,0,0,0,0,0,0,0
6177,0,0,0,0,0,0,0,0,0,0
6178,0,0,0,0,0,0,0,0,0,0
6179,0,0,0,0,0,0,0,0,0,0
6180,0,0,0,0,0,0,0,0,0,0
6181,0,0,0,0,0,0,0,0,0,0
6182,0,0,0,0,0,0,0,0,0,0
6183,0,0,0,0,0,0,0,0,0,0
6184,104301,0,0,0,0,0,0,0,0,0
6185,101401,0,0,0,0,0,0,0,0,0
6186,103301,0,0,0,0,0,0,0,0,0
6187,100301,0,0,0,0,0,0,0,0,0
6188,105201,0,0,0,0,0,0,0,0,0
6189,105601,0,0,0,0,0,0,0,0,0
6190,0,0,0,0,0,0,0,0,0,0
6191,0,0,0,0,0,0,0,0,0,0
6192,101301,0,0,0,0,0,0,0,0,0
6193,0,0,0,0,0,0,0,0,0,0
6194,0,0,0,0,0,0,0,0,0,0
6195,0,0,0,0,0,0,0,0,0,0
6196,0,0,0,0,0,0,0,0,0,0
6197,0,0,0,0,0,0,0,0,0,0
6198,0,0,0,0,0,0,0,0,0,0
6199,0,0,0,0,0,0,0,0,0,0
6200,0,0,0,0,0,0,0,0,0,0
6201,0,0,0,0,0,0,0,0,0,0
6202,101701,0,0,0,0,0,0,0,0,0
6203,0,0,0,0,0,0,0,0,0,0
6204,0,0,0,0,0,0,0,0,0,0
6205,0,0,0,0,0,0,0,0,0,0
6206,0,0,0,0,0,0,0,0,0,0
6207,102001,0,0,0,0,0,0,0,0,0
6208,102301,0,0,0,0,0,0,0,0,0
6209,103001,0,0,0,0,0,0,0,0,0
6210,0,0,0,0,0,0,0,0,0,0
6211,0,0,0,0,0,0,0,0,0,0
6212,0,0,0,0,0,0,0,0,0,0
6213,0,0,0,0,0,0,0,0,0,0
6214,0,0,0,0,0,0,0,0,0,0
6215,0,0,0,0,0,0,0,0,0,0
6216,0,0,0,0,0,0,0,0,0,0
6217,0,0,0,0,0,0,0,0,0,0
6218,0,0,0,0,0,0,0,0,0,0
6219,102701,0,0,0,0,0,0,0,0,0
6220,0,0,0,0,0,0,0,0,0,0
6221,0,0,0,0,0,0,0,0,0,0
6222,0,0,0,0,0,0,0,0,0,0
6223,0,0,0,0,0,0,0,0,0,0
6224,104501,0,0,0,0,0,0,0,0,0
6225,0,0,0,0,0,0,0,0,0,0
6226,0,0,0,0,0,0,0,0,0,0
6227,0,0,0,0,0,0,0,0,0,0
6228,0,0,0,0,0,0,0,0,0,0
6229,0,0,0,0,0,0,0,0,0,0
6230,0,0,0,0,0,0,0,0,0,0
6231,0,0,0,0,0,0,0,0,0,0
6232,0,0,0,0,0,0,0,0,0,0
6233,0,0,0,0,0,0,0,0,0,0
6234,100801,0,0,0,0,0,0,0,0,0
6235,102101,0,0,0,0,0,0,0,0,0
6236,0,0,0,0,0,0,0,0,0,0
6237,0,0,0,0,0,0,0,0,0,0
6238,0,0,0,0,0,0,0,0,0,0
6239,0,0,0,0,0,0,0,0,0,0
6240,0,0,0,0,0,0,0,0,0,0
6241,0,0,0,0,0,0,0,0,0,0
6242,0,0,0,0,0,0,0,0,0,0
6243,0,0,0,0,0,0,0,0,0,0
6244,0,0,0,0,0,0,0,0,0,0
6245,0,0,0,0,0,0,0,0,0,0
6246,0,0,0,0,0,0,0,0,0,0
6247,0,0,0,0,0,0,0,0,0,0
6248,0,0,0,0,0,0,0,0,0,0
6249,0,0,0,0,0,0,0,0,0,0
6250,0,0,0,0,0,0,0,0,0,0
6251,0,0,0,0,0,0,0,0,0,0
6252,104401,0,0,0,0,0,0,0,0,0
6253,100701,0,0,0,0,0,0,0,0,0
6254,104701,0,0,0,0,0,0,0,0,0
6255,104601,0,0,0,0,0,0,0,0,0
6256,102801,0,0,0,0,0,0,0,0,0
6257,0,0,0,0,0,0,0,0,0,0
6258,0,0,0,0,0,0,0,0,0,0
6259,100101,0,0,0,0,0,0,0,0,0
6260,100201,0,0,0,0,0,0,0,0,0
6261,100301,0,0,0,0,0,0,0,0,0
6262,100401,0,0,0,0,0,0,0,0,0
6263,100601,0,0,0,0,0,0,0,0,0
6264,101101,0,0,0,0,0,0,0,0,0
6265,101301,0,0,0,0,0,0,0,0,0
6266,101401,0,0,0,0,0,0,0,0,0
6267,101501,0,0,0,0,0,0,0,0,0
6268,101601,0,0,0,0,0,0,0,0,0
6269,101701,0,0,0,0,0,0,0,0,0
6270,101801,0,0,0,0,0,0,0,0,0
6271,102001,0,0,0,0,0,0,0,0,0
6272,102201,0,0,0,0,0,0,0,0,0
6273,102501,0,0,0,0,0,0,0,0,0
6274,102601,0,0,0,0,0,0,0,0,0
6275,102701,0,0,0,0,0,0,0,0,0
6276,102801,0,0,0,0,0,0,0,0,0
6277,103101,0,0,0,0,0,0,0,0,0
6278,103201,0,0,0,0,0,0,0,0,0
6279,103301,0,0,0,0,0,0,0,0,0
6280,0,0,0,0,0,0,0,0,0,0
6281,103701,0,0,0,0,0,0,0,0,0
6282,103801,0,0,0,0,0,0,0,0,0
6283,104001,0,0,0,0,0,0,0,0,0
6284,104201,0,0,0,0,0,0,0,0,0
6285,0,0,0,0,0,0,0,0,0,0
6286,104501,0,0,0,0,0,0,0,0,0
6287,104701,0,0,0,0,0,0,0,0,0
6288,104901,0,0,0,0,0,0,0,0,0
6289,105301,0,0,0,0,0,0,0,0,0
6290,105501,0,0,0,0,0,0,0,0,0
6291,105601,0,0,0,0,0,0,0,0,0
6292,105701,0,0,0,0,0,0,0,0,0
6293,105801,0,0,0,0,0,0,0,0,0
6294,106101,0,0,0,0,0,0,0,0,0
6295,106301,0,0,0,0,0,0,0,0,0
6296,105801,0,0,0,0,0,0,0,0,0
6297,105901,0,0,0,0,0,0,0,0,0
6298,102501,0,0,0,0,0,0,0,0,0
6299,104601,0,0,0,0,0,0,0,0,0
6300,104801,0,0,0,0,0,0,0,0,0
6301,103101,0,0,0,0,0,0,0,0,0
6302,100701,0,0,0,0,0,0,0,0,0
6303,102101,0,0,0,0,0,0,0,0,0
6304,100201,0,0,0,0,0,0,0,0,0
6305,109201,0,0,0,0,0,0,0,0,0
6306,109301,0,0,0,0,0,0,0,0,0
6307,109401,0,0,0,0,0,0,0,0,0
6308,104501,0,0,0,0,0,0,0,0,0
6309,0,0,0,0,0,0,0,0,0,0
6310,104301,0,0,0,0,0,0,0,0,0
6311,101701,0,0,0,0,0,0,0,0,0
6312,110801,0,0,0,0,0,0,0,0,0
6313,102901,0,0,0,0,0,0,0,0,0
6314,111001,0,0,0,0,0,0,0,0,0
6315,106601,0,0,0,0,0,0,0,0,0
6316,103401,0,0,0,0,0,0,0,0,0
6317,100101,0,0,0,0,0,0,0,0,0
6318,105801,0,0,0,0,0,0,0,0,0
6319,105201,0,0,0,0,0,0,0,0,0
6320,106001,0,0,0,0,0,0,0,0,0
6321,110801,0,0,0,0,0,0,0,0,0
6322,106501,0,0,0,0,0,0,0,0,0
6323,104001,0,0,0,0,0,0,0,0,0
6324,104601,0,0,0,0,0,0,0,0,0
6325,100301,0,0,0,0,0,0,0,0,0
6326,102701,0,0,0,0,0,0,0,0,0
6327,105101,0,0,0,0,0,0,0,0,0
6328,100801,0,0,0,0,0,0,0,0,0
6329,118001,0,0,0,0,0,0,0,0,0
6330,101601,0,0,0,0,0,0,0,0,0
6331,0,0,0,0,0,0,0,0,0,0
6332,0,0,0,0,0,0,0,0,0,0
6333,106401,0,0,0,0,0,0,0,0,0
6334,104401,0,0,0,0,0,0,0,0,0
6335,105801,0,0,0,0,0,0,0,0,0
6336,106801,0,0,0,0,0,0,0,0,0
6337,111001,0,0,0,0,0,0,0,0,0
6338,106001,0,0,0,0,0,0,0,0,0
6339,0,0,0,0,0,0,0,0,0,0
6340,105001,0,0,0,0,0,0,0,0,0
6341,105501,0,0,0,0,0,0,0,0,0
6342,104801,0,0,0,0,0,0,0,0,0